{"cameraMode":{"drawMode":0,"name":"Shaded","section":"Shading Mode"},"sceneLighting":false,"audioPlay":false,"sceneViewState":{"m_AlwaysRefresh":false,"showFog":true,"showSkybox":false,"showFlares":true,"showImageEffects":true,"showParticleSystems":true,"showVisualEffectGraphs":true,"m_FxEnabled":true},"in2DMode":false,"pivot":{"x":1.502541422843933,"y":0.7334936261177063,"z":1.968765377998352},"rotation":{"x":0.006559045985341072,"y":0.09792376309633255,"z":0.0006431816145777702,"w":-0.9951817989349365},"size":2.397974967956543,"orthographic":false}