{"cameraMode":{"drawMode":0,"name":"Shaded","section":"Shading Mode"},"sceneLighting":true,"audioPlay":false,"sceneViewState":{"m_AlwaysRefresh":false,"showFog":true,"showSkybox":true,"showFlares":true,"showImageEffects":true,"showParticleSystems":true,"showVisualEffectGraphs":true,"m_FxEnabled":true},"in2DMode":false,"pivot":{"x":-2.0463709831237795,"y":2.4239413738250734,"z":1.6449999809265137},"rotation":{"x":-0.010082829743623734,"y":0.9838613867759705,"z":-0.16869375109672547,"w":-0.05880550667643547},"size":3.3269922733306886,"orthographic":false}